Method,Job,AnalyzeLaunchVariance,EvaluateOverhead,MaxAbsoluteError,MaxRelativeError,MinInvokeCount,MinIterationTime,OutlierMode,Affinity,EnvironmentVariables,Jit,LargeAddressAware,Platform,PowerPlanMode,Runtime,AllowVeryLargeObjects,Concurrent,CpuGroups,Force,HeapAffinitizeMask,HeapCount,NoAffinitize,RetainVm,Server,Arguments,BuildConfiguration,Clock,EngineFactory,NuGetReferences,Toolchain,IsMutator,InvocationCount,IterationCount,IterationTime,LaunchCount,MaxIterationCount,MaxWarmupIterationCount,MemoryRandomization,MinIterationCount,MinWarmupIterationCount,RunStrategy,UnrollFactor,WarmupCount,Mean,Error
VMXN_LargeFile_CompileAndExecute_10k,Job-LGHQEI,False,Default,Default,Default,Default,Default,Default,0000000000,Empty,RyuJit,Default,Arm64,8c5e7fda-e8bf-4a96-9a85-a6e23a8c635c,.NET 10.0,False,True,False,True,Default,Default,False,False,False,Default,Default,Default,Default,Default,Default,Default,Default,8,Default,Default,Default,Default,Default,Default,Default,Default,16,3,NA,NA
VMXN_LargeFile_CompileAndExecute_50k_Generated,Job-LGHQEI,False,Default,Default,Default,Default,Default,Default,0000000000,Empty,RyuJit,Default,Arm64,8c5e7fda-e8bf-4a96-9a85-a6e23a8c635c,.NET 10.0,False,True,False,True,Default,Default,False,False,False,Default,Default,Default,Default,Default,Default,Default,Default,8,Default,Default,Default,Default,Default,Default,Default,Default,16,3,NA,NA
VMXN_LargeFile_CompileAndExecute_100k_Generated,Job-LGHQEI,False,Default,Default,Default,Default,Default,Default,0000000000,Empty,RyuJit,Default,Arm64,8c5e7fda-e8bf-4a96-9a85-a6e23a8c635c,.NET 10.0,False,True,False,True,Default,Default,False,False,False,Default,Default,Default,Default,Default,Default,Default,Default,8,Default,Default,Default,Default,Default,Default,Default,Default,16,3,NA,NA
VMXN_LargeFile_ModuleStyle_ImportLike,Job-LGHQEI,False,Default,Default,Default,Default,Default,Default,0000000000,Empty,RyuJit,Default,Arm64,8c5e7fda-e8bf-4a96-9a85-a6e23a8c635c,.NET 10.0,False,True,False,True,Default,Default,False,False,False,Default,Default,Default,Default,Default,Default,Default,Default,8,Default,Default,Default,Default,Default,Default,Default,Default,16,3,NA,NA
VMXN_Edge_DeepRecursion_NearLimit,Job-LGHQEI,False,Default,Default,Default,Default,Default,Default,0000000000,Empty,RyuJit,Default,Arm64,8c5e7fda-e8bf-4a96-9a85-a6e23a8c635c,.NET 10.0,False,True,False,True,Default,Default,False,False,False,Default,Default,Default,Default,Default,Default,Default,Default,8,Default,Default,Default,Default,Default,Default,Default,Default,16,3,NA,NA
VMXN_Edge_HighArgCount_CallHotPath,Job-LGHQEI,False,Default,Default,Default,Default,Default,Default,0000000000,Empty,RyuJit,Default,Arm64,8c5e7fda-e8bf-4a96-9a85-a6e23a8c635c,.NET 10.0,False,True,False,True,Default,Default,False,False,False,Default,Default,Default,Default,Default,Default,Default,Default,8,Default,Default,Default,Default,Default,Default,Default,Default,16,3,NA,NA
VMXN_Edge_HighThrowRate_TryCatch,Job-LGHQEI,False,Default,Default,Default,Default,Default,Default,0000000000,Empty,RyuJit,Default,Arm64,8c5e7fda-e8bf-4a96-9a85-a6e23a8c635c,.NET 10.0,False,True,False,True,Default,Default,False,False,False,Default,Default,Default,Default,Default,Default,Default,Default,8,Default,Default,Default,Default,Default,Default,Default,Default,16,3,NA,NA
VMXN_Edge_LargeClosureCapture_HighFreq,Job-LGHQEI,False,Default,Default,Default,Default,Default,Default,0000000000,Empty,RyuJit,Default,Arm64,8c5e7fda-e8bf-4a96-9a85-a6e23a8c635c,.NET 10.0,False,True,False,True,Default,Default,False,False,False,Default,Default,Default,Default,Default,Default,Default,Default,8,Default,Default,Default,Default,Default,Default,Default,Default,16,3,NA,NA
VMXN_Concurrency_Channel_MPMC_2Workers,Job-LGHQEI,False,Default,Default,Default,Default,Default,Default,0000000000,Empty,RyuJit,Default,Arm64,8c5e7fda-e8bf-4a96-9a85-a6e23a8c635c,.NET 10.0,False,True,False,True,Default,Default,False,False,False,Default,Default,Default,Default,Default,Default,Default,Default,8,Default,Default,Default,Default,Default,Default,Default,Default,16,3,NA,NA
VMXN_Concurrency_Channel_MPMC_4Workers,Job-LGHQEI,False,Default,Default,Default,Default,Default,Default,0000000000,Empty,RyuJit,Default,Arm64,8c5e7fda-e8bf-4a96-9a85-a6e23a8c635c,.NET 10.0,False,True,False,True,Default,Default,False,False,False,Default,Default,Default,Default,Default,Default,Default,Default,8,Default,Default,Default,Default,Default,Default,Default,Default,16,3,NA,NA
VMXN_Concurrency_Channel_MPMC_8Workers,Job-LGHQEI,False,Default,Default,Default,Default,Default,Default,0000000000,Empty,RyuJit,Default,Arm64,8c5e7fda-e8bf-4a96-9a85-a6e23a8c635c,.NET 10.0,False,True,False,True,Default,Default,False,False,False,Default,Default,Default,Default,Default,Default,Default,Default,8,Default,Default,Default,Default,Default,Default,Default,Default,16,3,NA,NA
VMXN_Concurrency_MutexAtomicCounter_2Workers,Job-LGHQEI,False,Default,Default,Default,Default,Default,Default,0000000000,Empty,RyuJit,Default,Arm64,8c5e7fda-e8bf-4a96-9a85-a6e23a8c635c,.NET 10.0,False,True,False,True,Default,Default,False,False,False,Default,Default,Default,Default,Default,Default,Default,Default,8,Default,Default,Default,Default,Default,Default,Default,Default,16,3,NA,NA
VMXN_Concurrency_MutexAtomicCounter_4Workers,Job-LGHQEI,False,Default,Default,Default,Default,Default,Default,0000000000,Empty,RyuJit,Default,Arm64,8c5e7fda-e8bf-4a96-9a85-a6e23a8c635c,.NET 10.0,False,True,False,True,Default,Default,False,False,False,Default,Default,Default,Default,Default,Default,Default,Default,8,Default,Default,Default,Default,Default,Default,Default,Default,16,3,NA,NA
VMXN_Concurrency_MutexAtomicCounter_8Workers,Job-LGHQEI,False,Default,Default,Default,Default,Default,Default,0000000000,Empty,RyuJit,Default,Arm64,8c5e7fda-e8bf-4a96-9a85-a6e23a8c635c,.NET 10.0,False,True,False,True,Default,Default,False,False,False,Default,Default,Default,Default,Default,Default,Default,Default,8,Default,Default,Default,Default,Default,Default,Default,Default,16,3,NA,NA
VMXN_Concurrency_Semaphore_Contention,Job-LGHQEI,False,Default,Default,Default,Default,Default,Default,0000000000,Empty,RyuJit,Default,Arm64,8c5e7fda-e8bf-4a96-9a85-a6e23a8c635c,.NET 10.0,False,True,False,True,Default,Default,False,False,False,Default,Default,Default,Default,Default,Default,Default,Default,8,Default,Default,Default,Default,Default,Default,Default,Default,16,3,NA,NA
VMXN_Concurrency_SpawnJoin_Throughput,Job-LGHQEI,False,Default,Default,Default,Default,Default,Default,0000000000,Empty,RyuJit,Default,Arm64,8c5e7fda-e8bf-4a96-9a85-a6e23a8c635c,.NET 10.0,False,True,False,True,Default,Default,False,False,False,Default,Default,Default,Default,Default,Default,Default,Default,8,Default,Default,Default,Default,Default,Default,Default,Default,16,3,NA,NA
